"","HC_CCR7pCD45ROm","PD_CCR7pCD45ROm","HC_CCR7pCD45ROp","PD_CCR7pCD45ROp","HC_CCR7mCD45ROp","PD_CCR7mCD45ROp","HC_CCR7mCD45ROm","PD_CCR7mCD45ROm"
"CCL5",11.5318416523236,10.5129292072912,55.036855036855,59.4736842105263,83.2615561297732,90.9656181419166,88.0913539967374,87.7163461538462
"GZMK",4.19965576592083,2.41627808393387,33.005733005733,30.2105263157895,37.008326155613,41.8983174835406,25.7096247960848,25.7451923076923
"CCL5+GZMK+",2.85714285714286,1.14455277660025,27.027027027027,23.3684210526316,28.0218202698823,34.0892465252377,15.8238172920065,19.2067307692308
"Joint_CCL5+GZMK+",12.0826161790017,11.2335735481136,55.7739557739558,60.6315789473684,84.0654608096469,91.6788588149232,88.3849918433932,87.7884615384615
