"","HC_CCR7pCD45ROm","PD_CCR7pCD45ROm","HC_CCR7pCD45ROp","PD_CCR7pCD45ROp","HC_CCR7mCD45ROp","PD_CCR7mCD45ROp","HC_CCR7mCD45ROm","PD_CCR7mCD45ROm"
"GZMA",2.65060240963855,2.75540483255617,16.8714168714169,21.4736842105263,50.0430663221361,66.1485003657644,59.4453507340946,69.9759615384615
"GZMB",0.137693631669535,0.169563374311149,0.122850122850123,0.105263157894737,15.5325868504163,30.08412582297,35.1386623164763,46.2259615384615
"PRF1",3.09810671256454,2.79779567613396,6.1015561015561,6.94736842105263,32.5581395348837,36.5398683247988,45.3833605220228,50.9375
"IFNG",0.757314974182444,0.508690122933446,7.37100737100737,9.26315789473684,19.4659776055125,23.9575713240673,33.9641109298532,32.3076923076923
"GZMA+GZMB+PRF1+IFNG+",0,0,0,0,0.602928509905254,1.06071689831748,1.56606851549755,3.14903846153846
"Joint_GZMA+GZMB+PRF1+IFNG+",6.1617900172117,5.80754557015685,24.979524979525,29.6842105263158,61.3838644846397,79.2245793708852,73.7357259380098,84.4471153846154
