"","HC_CCR7pCD45ROm","PD_CCR7pCD45ROm","HC_CCR7pCD45ROp","PD_CCR7pCD45ROp","HC_CCR7mCD45ROp","PD_CCR7mCD45ROp","HC_CCR7mCD45ROm","PD_CCR7mCD45ROm"
"GZMK",4.19965576592083,2.41627808393387,33.005733005733,30.2105263157895,37.008326155613,41.8983174835406,25.7096247960848,25.7451923076923
"IFNG",0.757314974182444,0.508690122933446,7.37100737100737,9.26315789473684,19.4659776055125,23.9575713240673,33.9641109298532,32.3076923076923
"GZMK+IFNG+",0.0688468158347676,0.0847816871555744,1.96560196560197,2.94736842105263,3.24432960091875,4.9743964886613,3.84991843393148,4.35096153846154
"Joint_GZMK+IFNG+",4.61273666092943,2.79779567613396,35.3808353808354,33.8947368421053,47.5452196382429,54.7549378200439,48.0913539967374,48.4375
