"","HC_CCR7pCD45ROm","PD_CCR7pCD45ROm","HC_CCR7pCD45ROp","PD_CCR7pCD45ROp","HC_CCR7mCD45ROp","PD_CCR7mCD45ROp","HC_CCR7mCD45ROm","PD_CCR7mCD45ROm"
"GZMA",2.65060240963855,2.75540483255617,16.8714168714169,21.4736842105263,50.0430663221361,66.1485003657644,59.4453507340946,69.9759615384615
"PRF1",3.09810671256454,2.79779567613396,6.1015561015561,6.94736842105263,32.5581395348837,36.5398683247988,45.3833605220228,50.9375
"GZMA+PRF1+",0,0.0423908435777872,0.122850122850123,0.315789473684211,10.6230261269021,12.1433796634967,13.768352365416,22.4759615384615
"Joint_GZMA+PRF1+",5.50774526678141,5.42602797795676,20.6388206388206,25.2631578947368,56.7039908125179,73.4820775420629,67.1451876019576,79.0144230769231
