"","HC_CCR7pCD45ROm","PD_CCR7pCD45ROm","HC_CCR7pCD45ROp","PD_CCR7pCD45ROp","HC_CCR7mCD45ROp","PD_CCR7mCD45ROp","HC_CCR7mCD45ROm","PD_CCR7mCD45ROm"
"GZMB",0.137693631669535,0.169563374311149,0.122850122850123,0.105263157894737,15.5325868504163,30.08412582297,35.1386623164763,46.2259615384615
"GZMK",4.19965576592083,2.41627808393387,33.005733005733,30.2105263157895,37.008326155613,41.8983174835406,25.7096247960848,25.7451923076923
"GZMB+GZMK+",0,0,0,0,0.373241458512776,2.56035113386979,1.37030995106036,2.45192307692308
"Joint_GZMB+GZMK+",4.33734939759036,2.58584145824502,33.0876330876331,30.2105263157895,50.014355440712,65.8558888076079,54.7797716150082,65.3605769230769
