"","HC_CCR7pCD45ROm","PD_CCR7pCD45ROm","HC_CCR7pCD45ROp","PD_CCR7pCD45ROp","HC_CCR7mCD45ROp","PD_CCR7mCD45ROp","HC_CCR7mCD45ROm","PD_CCR7mCD45ROm"
"GZMA",2.65060240963855,2.75540483255617,16.8714168714169,21.4736842105263,50.0430663221361,66.1485003657644,59.4453507340946,69.9759615384615
"GZMB",0.137693631669535,0.169563374311149,0.122850122850123,0.105263157894737,15.5325868504163,30.08412582297,35.1386623164763,46.2259615384615
"GZMA+GZMB+",0.0344234079173838,0.0423908435777872,0.0819000819000819,0,6.3451047947172,13.8258961228969,14.7145187601958,24.6394230769231
"Joint_GZMA+GZMB+",2.75387263339071,2.84018651971174,16.9123669123669,21.4736842105263,52.0528280218203,72.0738844184345,64.4045676998369,76.7548076923077
