"","HC_CCR7pCD45ROm","PD_CCR7pCD45ROm","HC_CCR7pCD45ROp","PD_CCR7pCD45ROp","HC_CCR7mCD45ROp","PD_CCR7mCD45ROp","HC_CCR7mCD45ROm","PD_CCR7mCD45ROm"
"GZMA",2.65060240963855,2.75540483255617,16.8714168714169,21.4736842105263,50.0430663221361,66.1485003657644,59.4453507340946,69.9759615384615
"GZMB",0.137693631669535,0.169563374311149,0.122850122850123,0.105263157894737,15.5325868504163,30.08412582297,35.1386623164763,46.2259615384615
"PRF1",3.09810671256454,2.79779567613396,6.1015561015561,6.94736842105263,32.5581395348837,36.5398683247988,45.3833605220228,50.9375
"FCGR3A",0.103270223752151,0.29673590504451,0.614250614250614,0.631578947368421,8.78552971576227,15.6912948061448,27.7977161500816,32.4519230769231
"GZMA+GZMB+PRF1+FCGR3A+",0,0.0423908435777872,0,0,1.06230261269021,1.24359912216533,2.64274061990212,6.85096153846154
"Joint_GZMA+GZMB+PRF1+FCGR3A+",5.61101549053356,5.59559135226791,20.8845208845209,25.3684210526316,57.9959804766006,77.029992684711,70.3099510603589,82.0673076923077
