"","HC_CCR7pCD45ROm","PD_CCR7pCD45ROm","HC_CCR7pCD45ROp","PD_CCR7pCD45ROp","HC_CCR7mCD45ROp","PD_CCR7mCD45ROp","HC_CCR7mCD45ROm","PD_CCR7mCD45ROm"
"GZMA",2.65060240963855,2.75540483255617,16.8714168714169,21.4736842105263,50.0430663221361,66.1485003657644,59.4453507340946,69.9759615384615
"GZMB",0.137693631669535,0.169563374311149,0.122850122850123,0.105263157894737,15.5325868504163,30.08412582297,35.1386623164763,46.2259615384615
"PRF1",3.09810671256454,2.79779567613396,6.1015561015561,6.94736842105263,32.5581395348837,36.5398683247988,45.3833605220228,50.9375
"GZMA+GZMB+PRF1+",0,0.0423908435777872,0.040950040950041,0,3.18690783807063,5.52304316020483,6.6884176182708,14.0384615384615
"Joint_GZMA+GZMB+PRF1+",5.57659208261618,5.46841882153455,20.6388206388206,25.2631578947368,57.680160780936,76.4264813460132,69.0701468189233,81.3221153846154
