"","HC_CCR7pCD45ROm","PD_CCR7pCD45ROm","HC_CCR7pCD45ROp","PD_CCR7pCD45ROp","HC_CCR7mCD45ROp","PD_CCR7mCD45ROp","HC_CCR7mCD45ROm","PD_CCR7mCD45ROm"
"PRF1",3.09810671256454,2.79779567613396,6.1015561015561,6.94736842105263,32.5581395348837,36.5398683247988,45.3833605220228,50.9375
"GZMK",4.19965576592083,2.41627808393387,33.005733005733,30.2105263157895,37.008326155613,41.8983174835406,25.7096247960848,25.7451923076923
"PRF1+GZMK+",0.0344234079173838,0,0.286650286650287,0.315789473684211,4.01952339936836,4.95610826627652,2.41435562805873,3.22115384615385
"Joint_PRF1+GZMK+",6.91910499139415,5.08690122933446,35.6265356265356,32.9473684210526,55.2110249784668,63.4601316752012,58.5318107667211,66.0576923076923
