"","HC_CCR7pCD45ROm","PD_CCR7pCD45ROm","HC_CCR7pCD45ROp","PD_CCR7pCD45ROp","HC_CCR7mCD45ROp","PD_CCR7mCD45ROp","HC_CCR7mCD45ROm","PD_CCR7mCD45ROm"
"GZMB",0.137693631669535,0.169563374311149,0.122850122850123,0.105263157894737,15.5325868504163,30.08412582297,35.1386623164763,46.2259615384615
"PRF1",3.09810671256454,2.79779567613396,6.1015561015561,6.94736842105263,32.5581395348837,36.5398683247988,45.3833605220228,50.9375
"GZMB+PRF1+",0,0.0423908435777872,0.040950040950041,0,4.19178868791272,7.42501828822238,9.36378466557912,18.125
"Joint_GZMB+PRF1+",3.16695352839931,2.88257736328953,6.14250614250614,6.94736842105263,36.9221935113408,49.2318946598391,54.910277324633,64.1826923076923
