"","HC_CCR7pCD45ROm","PD_CCR7pCD45ROm","HC_CCR7pCD45ROp","PD_CCR7pCD45ROp","HC_CCR7mCD45ROp","PD_CCR7mCD45ROp","HC_CCR7mCD45ROm","PD_CCR7mCD45ROm"
"GZMA",2.65060240963855,2.75540483255617,16.8714168714169,21.4736842105263,50.0430663221361,66.1485003657644,59.4453507340946,69.9759615384615
"GZMK",4.19965576592083,2.41627808393387,33.005733005733,30.2105263157895,37.008326155613,41.8983174835406,25.7096247960848,25.7451923076923
"GZMA+GZMK+",0.44750430292599,0.381517592200085,7.82145782145782,10.7368421052632,18.9204708584554,26.3899049012436,10.6035889070147,15.8413461538462
"Joint_GZMA+GZMK+",5.67986230636833,4.23908435777872,34.6846846846847,34.2105263157895,57.4791846109676,72.037307973665,63.1321370309951,72.3557692307692
